<?xml version="1.0" encoding="UTF-8"?>
<GenRun Id="impl_1" LaunchPart="xc7a200tfbv676-2" LaunchTime="1693667275">
  <File Type="ROUTE-PWR" Name="cpu_top_power_routed.rpt"/>
  <File Type="PA-TCL" Name="cpu_top.tcl"/>
  <File Type="ROUTE-PWR-SUM" Name="cpu_top_power_summary_routed.pb"/>
  <File Type="REPORTS-TCL" Name="cpu_top_reports.tcl"/>
  <File Type="BITSTR-MSK" Name="cpu_top.msk"/>
  <File Type="ROUTE-CLK" Name="cpu_top_clock_utilization_routed.rpt"/>
  <File Type="RDI-RDI" Name="cpu_top.vdi"/>
  <File Type="BG-BIT" Name="cpu_top.bit"/>
  <File Type="BG-DRC" Name="cpu_top.drc"/>
  <File Type="BG-BGN" Name="cpu_top.bgn"/>
  <File Type="BG-BIN" Name="cpu_top.bin"/>
  <File Type="BITSTR-RBT" Name="cpu_top.rbt"/>
  <File Type="BITSTR-NKY" Name="cpu_top.nky"/>
  <File Type="BITSTR-BMM" Name="cpu_top_bd.bmm"/>
  <File Type="ROUTE-METHODOLOGY-DRC" Name="cpu_top_methodology_drc_routed.rpt"/>
  <File Type="BITSTR-MMI" Name="cpu_top.mmi"/>
  <File Type="ROUTE-METHODOLOGY-DRC-PB" Name="cpu_top_methodology_drc_routed.pb"/>
  <File Type="BITSTR-SYSDEF" Name="cpu_top.sysdef"/>
  <File Type="ROUTE-DRC-RPX" Name="cpu_top_drc_routed.rpx"/>
  <File Type="BITSTR-LTX" Name="debug_nets.ltx"/>
  <File Type="BITSTR-LTX" Name="cpu_top.ltx"/>
  <File Type="RCFI_FILE" Name="cpu_top.rcfi"/>
  <File Type="WBT-USG" Name="usage_statistics_webtalk.html"/>
  <File Type="OPT-DRC" Name="cpu_top_drc_opted.rpt"/>
  <File Type="OPT-HWDEF" Name="cpu_top.hwdef"/>
  <File Type="PLACE-IO" Name="cpu_top_io_placed.rpt"/>
  <File Type="PLACE-UTIL" Name="cpu_top_utilization_placed.rpt"/>
  <File Type="PLACE-UTIL-PB" Name="cpu_top_utilization_placed.pb"/>
  <File Type="PLACE-CTRL" Name="cpu_top_control_sets_placed.rpt"/>
  <File Type="PLACE-PRE-SIMILARITY" Name="cpu_top_incremental_reuse_pre_placed.rpt"/>
  <File Type="ROUTE-DRC" Name="cpu_top_drc_routed.rpt"/>
  <File Type="ROUTE-DRC-PB" Name="cpu_top_drc_routed.pb"/>
  <File Type="ROUTE-PWR-RPX" Name="cpu_top_power_routed.rpx"/>
  <File Type="ROUTE-STATUS" Name="cpu_top_route_status.rpt"/>
  <File Type="ROUTE-STATUS-PB" Name="cpu_top_route_status.pb"/>
  <File Type="ROUTE-DCP" Name="cpu_top_routed.dcp"/>
  <File Type="ROUTE-ERROR-DCP" Name="cpu_top_routed_error.dcp"/>
  <File Type="ROUTE-BLACKBOX-DCP" Name="cpu_top_routed_bb.dcp"/>
  <File Type="ROUTE-TIMINGSUMMARY" Name="cpu_top_timing_summary_routed.rpt"/>
  <File Type="ROUTE-TIMING-PB" Name="cpu_top_timing_summary_routed.pb"/>
  <File Type="ROUTE-TIMING-RPX" Name="cpu_top_timing_summary_routed.rpx"/>
  <File Type="ROUTE-BUS-SKEW" Name="cpu_top_bus_skew_routed.rpt"/>
  <File Type="ROUTE-BUS-SKEW-PB" Name="cpu_top_bus_skew_routed.pb"/>
  <File Type="ROUTE-BUS-SKEW-RPX" Name="cpu_top_bus_skew_routed.rpx"/>
  <File Type="OPT-DCP" Name="cpu_top_opt.dcp"/>
  <File Type="PLACE-DCP" Name="cpu_top_placed.dcp"/>
  <File Type="PWROPT-DCP" Name="cpu_top_pwropt.dcp"/>
  <File Type="POSTPLACE-PWROPT-DCP" Name="cpu_top_postplace_pwropt.dcp"/>
  <File Type="PHYSOPT-DCP" Name="cpu_top_physopt.dcp"/>
  <File Type="POSTROUTE-PHYSOPT-DCP" Name="cpu_top_postroute_physopt.dcp"/>
  <File Type="POSTROUTE-PHYSOPT-BLACKBOX-DCP" Name="cpu_top_postroute_physopt_bb.dcp"/>
  <File Type="ROUTE-METHODOLOGY-DRC-RPX" Name="cpu_top_methodology_drc_routed.rpx"/>
  <File Type="PDI-FILE" Name="cpu_top.pdi"/>
  <File Type="CFI_FILE" Name="cpu_top.cfi"/>
  <File Type="RNPI_FILE" Name="cpu_top.rnpi"/>
  <File Type="NPI_FILE" Name="cpu_top.npi"/>
  <File Type="RBD_FILE" Name="cpu_top.rbd"/>
  <FileSet Name="sources" Type="DesignSrcs" RelSrcDir="$PSRCDIR/sources_1">
    <Filter Type="Srcs"/>
    <File Path="$PSRCDIR/sources_1/new/ADD.v">
      <FileInfo>
        <Attr Name="UsedIn" Val="synthesis"/>
        <Attr Name="UsedIn" Val="implementation"/>
        <Attr Name="UsedIn" Val="simulation"/>
      </FileInfo>
    </File>
    <File Path="$PSRCDIR/sources_1/new/ALU.v">
      <FileInfo>
        <Attr Name="UsedIn" Val="synthesis"/>
        <Attr Name="UsedIn" Val="implementation"/>
        <Attr Name="UsedIn" Val="simulation"/>
      </FileInfo>
    </File>
    <File Path="$PSRCDIR/sources_1/new/CU.v">
      <FileInfo>
        <Attr Name="UsedIn" Val="synthesis"/>
        <Attr Name="UsedIn" Val="implementation"/>
        <Attr Name="UsedIn" Val="simulation"/>
      </FileInfo>
    </File>
    <File Path="$PSRCDIR/sources_1/new/DMEM.v">
      <FileInfo>
        <Attr Name="UsedIn" Val="synthesis"/>
        <Attr Name="UsedIn" Val="implementation"/>
        <Attr Name="UsedIn" Val="simulation"/>
      </FileInfo>
    </File>
    <File Path="$PSRCDIR/sources_1/new/Extender.v">
      <FileInfo>
        <Attr Name="UsedIn" Val="synthesis"/>
        <Attr Name="UsedIn" Val="implementation"/>
        <Attr Name="UsedIn" Val="simulation"/>
      </FileInfo>
    </File>
    <File Path="$PSRCDIR/sources_1/new/IMEM.v">
      <FileInfo>
        <Attr Name="UsedIn" Val="synthesis"/>
        <Attr Name="UsedIn" Val="implementation"/>
        <Attr Name="UsedIn" Val="simulation"/>
      </FileInfo>
    </File>
    <File Path="$PSRCDIR/sources_1/new/IR.v">
      <FileInfo>
        <Attr Name="UsedIn" Val="synthesis"/>
        <Attr Name="UsedIn" Val="implementation"/>
        <Attr Name="UsedIn" Val="simulation"/>
      </FileInfo>
    </File>
    <File Path="$PSRCDIR/sources_1/new/MUX_4_1.v">
      <FileInfo>
        <Attr Name="UsedIn" Val="synthesis"/>
        <Attr Name="UsedIn" Val="implementation"/>
        <Attr Name="UsedIn" Val="simulation"/>
      </FileInfo>
    </File>
    <File Path="$PSRCDIR/sources_1/new/NPC.v">
      <FileInfo>
        <Attr Name="UsedIn" Val="synthesis"/>
        <Attr Name="UsedIn" Val="implementation"/>
        <Attr Name="UsedIn" Val="simulation"/>
      </FileInfo>
    </File>
    <File Path="$PSRCDIR/sources_1/new/PC.v">
      <FileInfo>
        <Attr Name="UsedIn" Val="synthesis"/>
        <Attr Name="UsedIn" Val="implementation"/>
        <Attr Name="UsedIn" Val="simulation"/>
      </FileInfo>
    </File>
    <File Path="$PSRCDIR/sources_1/new/Regfile.v">
      <FileInfo>
        <Attr Name="UsedIn" Val="synthesis"/>
        <Attr Name="UsedIn" Val="implementation"/>
        <Attr Name="UsedIn" Val="simulation"/>
      </FileInfo>
    </File>
    <File Path="$PSRCDIR/sources_1/new/cpu.v">
      <FileInfo>
        <Attr Name="UsedIn" Val="synthesis"/>
        <Attr Name="UsedIn" Val="implementation"/>
        <Attr Name="UsedIn" Val="simulation"/>
      </FileInfo>
    </File>
    <File Path="$PSRCDIR/sources_1/new/data_container.v">
      <FileInfo>
        <Attr Name="UsedIn" Val="synthesis"/>
        <Attr Name="UsedIn" Val="implementation"/>
        <Attr Name="UsedIn" Val="simulation"/>
      </FileInfo>
    </File>
    <File Path="$PSRCDIR/sources_1/new/cpu_top.v">
      <FileInfo>
        <Attr Name="UsedIn" Val="synthesis"/>
        <Attr Name="UsedIn" Val="implementation"/>
        <Attr Name="UsedIn" Val="simulation"/>
      </FileInfo>
    </File>
    <File Path="$PSRCDIR/sources_1/new/MUX.v">
      <FileInfo>
        <Attr Name="AutoDisabled" Val="1"/>
        <Attr Name="UsedIn" Val="synthesis"/>
        <Attr Name="UsedIn" Val="implementation"/>
        <Attr Name="UsedIn" Val="simulation"/>
      </FileInfo>
    </File>
    <File Path="$PSRCDIR/sources_1/new/equal.v">
      <FileInfo>
        <Attr Name="AutoDisabled" Val="1"/>
        <Attr Name="UsedIn" Val="synthesis"/>
        <Attr Name="UsedIn" Val="implementation"/>
        <Attr Name="UsedIn" Val="simulation"/>
      </FileInfo>
    </File>
    <Config>
      <Option Name="DesignMode" Val="RTL"/>
      <Option Name="TopModule" Val="cpu_top"/>
      <Option Name="TopAutoSet" Val="TRUE"/>
    </Config>
  </FileSet>
  <FileSet Name="constrs_in" Type="Constrs" RelSrcDir="$PSRCDIR/constrs_1">
    <Filter Type="Constrs"/>
    <File Path="$PSRCDIR/constrs_1/new/cpu.xdc">
      <FileInfo>
        <Attr Name="UsedIn" Val="synthesis"/>
        <Attr Name="UsedIn" Val="implementation"/>
      </FileInfo>
    </File>
    <Config>
      <Option Name="ConstrsType" Val="XDC"/>
    </Config>
  </FileSet>
  <FileSet Name="utils" Type="Utils" RelSrcDir="$PSRCDIR/utils_1">
    <Filter Type="Utils"/>
    <Config>
      <Option Name="TopAutoSet" Val="TRUE"/>
    </Config>
  </FileSet>
  <Strategy Version="1" Minor="2">
    <StratHandle Name="Vivado Implementation Defaults" Flow="Vivado Implementation 2019"/>
    <Step Id="init_design"/>
    <Step Id="opt_design"/>
    <Step Id="power_opt_design"/>
    <Step Id="place_design"/>
    <Step Id="post_place_power_opt_design"/>
    <Step Id="phys_opt_design" EnableStepBool="1"/>
    <Step Id="route_design"/>
    <Step Id="post_route_phys_opt_design"/>
    <Step Id="write_bitstream"/>
    <Step Id="write_device_image"/>
  </Strategy>
</GenRun>
